N°,Name,Birthdate,Height,Weight,Spike,Block,World championships,Olympic games,Other,Total,Club,Country
2,Federico Pereyra,19/06/1988,200,99,335,325,9,6,127,142,Nolio Maaseik Club,arg-argentina
3,Jan Martinez Franchi,28/01/1998,190,85,333,316,0,0,0,0,BOLIVAR,arg-argentina
4,Maximiliano Cavanna,02/07/1988,188,81,333,312,0,0,28,28,UPCN San Juan Volley,arg-argentina
5,Nicolas Uriarte,21/03/1990,192,87,342,322,18,6,102,126,TAHUATE,arg-argentina
6,Cristian Poglajen,14/07/1989,195,94,342,322,0,6,97,103,GS Porto Robur Costa SSD ARL,arg-argentina
7,Facundo Conte,25/08/1989,197,88,354,334,18,6,111,135,TAHUBATE,arg-argentina
8,Agustin Loser,12/10/1997,193,77,335,310,0,0,0,0,BOLIVAR,arg-argentina
9,Santiago Danani,12/12/1995,176,77,324,309,0,0,0,0,PADOVA,arg-argentina
10,Nicolas Bruno,24/02/1989,187,85,338,318,0,6,43,49,Maliye Piyango,arg-argentina
11,Sebastian Solé,12/06/1991,200,94,362,342,18,6,111,135,Bluvolley Verona SS D a RL,arg-argentina
12,Bruno Lima,04/02/1996,198,87,345,320,0,0,0,0,TV Buhl Volleybal,arg-argentina
13,Ezequiel Palacios,02/10/1992,198,95,345,325,0,1,26,27,Top Volley SRL,arg-argentina
14,Pablo Crer,12/06/1989,202,85,357,337,9,6,101,116,Personal Bolivar,arg-argentina
15,Luciano De Cecco c,02/06/1988,191,98,332,315,18,6,180,204,Sir Safety Perugia,arg-argentina
16,Alexis Ruben Gonzalez,21/07/1981,184,85,327,310,9,6,141,156,Personal Bolívar,arg-argentina
17,Nicolas Mendez,02/11/1992,191,90,340,326,7,8,11,26,AJACCIO,arg-argentina
18,Martin Ramos,26/08/1991,197,94,348,328,9,0,15,24,UPCN San Juan Volley,arg-argentina
19,Franco Massimino,23/05/1988,177,66,310,297,0,0,0,0,OBRAS DE SAN JUAN,arg-argentina
22,Lisandro Zanotti,04/10/1990,195,88,336,315,0,0,6,6,Narbone Volley,arg-argentina
23,Joaquin Gallego,21/11/1996,204,102,343,323,0,0,0,0,UNTREFF,arg-argentina
24,German Johansen,02/09/1995,200,85,351,336,8,0,0,8,Club De Amigos,arg-argentina
25,Nicolás Lazo,16/04/1995,192,85,340,320,0,0,5,5,UPCN San Juan Volley,arg-argentina
27,Matias Giraudo,13/03/1998,196,85,330,315,0,0,0,0,River Plate,arg-argentina
29,Luciano Palonsky,08/07/1999,198,72,330,310,0,0,0,0,Club Ciudad de Buenos Aires,arg-argentina
30,Gaston Fernandez,04/08/1995,203,101,339,317,8,0,0,8,Club Ciudad De Buenos Aires,arg-argentina
1,Beau Graham,17/04/1994,202,86,351,332,8,0,99,107,Saaremaa Volleyklub,aus-australia
2,Arshdeep Dosanjh,30/07/1996,205,85,347,335,8,0,79,87,Aluron Warta Zawiercie,aus-australia
3,Steven Macdonald,26/06/1997,207,85,351,342,0,0,6,6,Orion Rotterdam,aus-australia
4,Paul Sanderson,07/01/1986,195,94,348,335,8,0,91,99,VA Centre of Excellence,aus-australia
5,Travis Passier,26/04/1989,208,100,355,340,12,5,231,248,VA Centre of Excellence,aus-australia
6,Thomas Edgar,21/06/1989,212,106,357,341,12,5,188,205,JT Thunders,aus-australia
7,Harrison Peacock,31/01/1991,192,87,353,339,9,5,145,159,VA Centre of Excellence,aus-australia
8,Trent O'dea,11/05/1994,201,98,354,344,8,0,77,85,Raison Loimu,aus-australia
9,Max Staples,27/07/1994,194,83,358,345,8,0,88,96,Hypo Tirol Alpenvolleys,aus-australia
10,Jordan Richards,25/09/1993,193,80,354,342,0,0,79,79,Hypo Tirol Alpenvolleys,aus-australia
11,Luke Perry,20/11/1995,180,75,331,315,17,0,178,195,Asseco Resovia Rzeszów,aus-australia
12,Nehemiah Mote,21/06/1993,204,91,362,354,17,0,125,142,VFB Friedrichshafen Volleyball,aus-australia
13,Samuel Walker,19/02/1995,208,90,350,337,8,0,137,145,Qatar Sports Club,aus-australia
15,Luke Smith,30/08/1990,204,95,360,342,17,5,113,135,United Volleys Frankfurt,aus-australia
16,Thomas Ewen Douglas-Powell,16/09/1992,194,82,356,332,9,0,96,105,Ajaccio,aus-australia
17,Paul Carroll c,16/05/1986,207,100,354,340,25,0,218,243,Pepperdine University,aus-australia
18,Lincoln Alexander Williams,06/10/1993,200,104,353,330,8,5,121,134,Nizhnevartovsk,aus-australia
19,Malachi Murch,04/01/1995,197,75,341,335,0,0,14,14,Nordenskov,aus-australia
21,Nicholas Butler,27/06/1997,198,95,345,333,0,0,9,9,Tourcoing Volley,aus-australia
22,Curtis Jeffrey Arthur Stockton,22/04/1993,198,94,351,330,0,0,26,26,SC Duo Tartu,aus-australia
23,James Weir,20/07/1995,204,95,348,342,0,0,21,21,TV Rottenburg,aus-australia
24,Elliott Viles,01/05/1997,193,73,360,340,0,0,27,27,University of Brandon,aus-australia
25,Jordan Colotti,07/05/1996,188,82,335,325,0,0,12,12,Nordenskov,aus-australia
26,Caleb Watson,28/06/1993,200,92,344,338,0,0,0,0,Lunds,aus-australia
30,Conal Tain Mcainsh,12/05/1997,201,95,339,332,0,0,0,0,Skopje,aus-australia
1,Bruno Mossa Rezende c,02/07/1986,190,76,323,302,7,2,20,29,Cucine Lube Civitanova,bra-brazil
2,Isac Santos,13/12/1990,208,99,339,306,0,0,8,8,Sada Cruzeiro Volei,bra-brazil
3,Eder Carbonera,19/10/1983,205,107,360,330,3,0,5,8,SESI-SP,bra-brazil
4,Thales Hoss,26/04/1989,190,74,320,303,0,0,0,0,Funvic Taubaté,bra-brazil
5,Lucas Eduardo Loh,18/01/1991,195,83,336,320,0,0,0,0,SESI-SP,bra-brazil
6,Fernando Gil Kreling,13/01/1996,185,85,319,301,0,0,0,0,Sada Cruzeiro Volei,bra-brazil
7,William Arjona,31/07/1979,186,78,300,295,0,1,0,1,SESI-SP,bra-brazil
8,Wallace De Souza,26/06/1987,198,87,344,318,14,1,37,52,SESC-RJ,bra-brazil
9,Yoandy Leal Hidalgo,31/08/1988,202,107,361,348,9,0,27,36,Cucine Lube Civitanova,bra-brazil
11,Rodrigo Leao,05/06/1996,197,85,331,316,0,0,0,0,Sada Cruzeiro Volei,bra-brazil
12,Raphael Vieira De Oliveira,14/06/1979,190,82,330,306,0,0,23,23,Funvic Taubaté,bra-brazil
13,Mauricio Luiz De Souza,29/09/1988,207,99,344,323,0,0,0,0,Taubaté Funvic,bra-brazil
14,Douglas Correia De Souza,20/08/1995,199,75,338,317,0,0,0,0,Funvic Taubaté,bra-brazil
15,Carlos Eduardo Barreto Silva,08/08/1994,200,90,348,340,8,0,0,8,Vibo Valentia,bra-brazil
16,Lucas Saatkamp,06/03/1986,209,101,340,321,16,0,37,53,Funvic Taubaté,bra-brazil
17,Evandro M. Guerra,27/12/1981,207,106,359,332,15,8,50,73,Sada Cruzeiro Volei,bra-brazil
18,Ricardo Lucarelli Souza,14/02/1992,196,87,348,326,0,0,0,0,Funvic Taubaté,bra-brazil
19,Mauricio Borges Almeida Silva,04/02/1989,199,99,335,315,0,0,0,0,SESC-RJ,bra-brazil
20,Thiago Pontes Veloso,15/08/1993,184,77,305,298,0,0,0,0,SESC-RJ,bra-brazil
21,Alan Souza,21/03/1994,202,98,336,320,0,0,0,0,SESI-SP,bra-brazil
22,Maique Reis Nascimento,16/07/1997,182,76,310,255,0,0,0,0,Minas Tenis Clube,bra-brazil
23,Flavio Gualberto,22/04/1993,199,84,356,329,0,0,8,8,Minas Tênis Clube,bra-brazil
24,Douglas Pureza,16/11/1996,178,70,302,273,0,0,0,0,Sesi/SP,bra-brazil
27,Henrique Dantas Nóbrega Honorato,18/03/1997,190,85,335,310,1,0,0,1,Minas Tênis Clube,bra-brazil
29,Rafael Araujo,13/06/1991,206,93,348,325,0,0,1,1,MKS Bedzin,bra-brazil
1,Georgi Bratoev,21/10/1987,203,98,340,325,5,6,30,41,Neftohimik,bul-bulgaria
2,Krasimir Georgiev,13/02/1995,205,95,346,333,0,0,9,9,Rennes,bul-bulgaria
3,Chono Penchev,11/12/1994,197,78,318,307,0,0,0,0,Pirin,bul-bulgaria
4,Martin Atanasov,27/09/1996,198,80,350,330,0,0,0,0,Chaumont,bul-bulgaria
5,Svetoslav Gotsev,31/08/1990,205,97,358,335,0,0,2,2,Dinamo Leningrad,bul-bulgaria
6,Rozalin Penchev,11/12/1994,197,79,337,327,0,0,0,0,SESK,bul-bulgaria
7,Nikolay Uchikov,13/04/1986,207,110,355,330,0,0,1,1,Neftohimik,bul-bulgaria
8,Todor Skrimov,09/01/1990,191,87,348,330,0,0,0,0,Vibo Valentia,bul-bulgaria
9,Georgi Seganov,10/06/1993,198,83,335,325,0,0,23,23,Maliye Milli Pyango,bul-bulgaria
10,Valentin Bratoev,21/10/1987,203,92,347,337,0,0,8,8,J-Teck,bul-bulgaria
11,Velizar Chernokozhev,23/04/1995,212,108,350,335,0,0,0,0,Diobrudzha 07,bul-bulgaria
12,Viktor Yosifov c,16/10/1985,204,100,350,340,0,0,16,16,Monza,bul-bulgaria
13,Teodor Salparov,16/08/1982,187,77,320,305,10,6,91,107,Neftochimik,bul-bulgaria
14,Teodor Todorov,01/09/1989,208,108,365,345,0,0,0,0,Neftohimik,bul-bulgaria
16,Vladislav Ivanov,14/03/1987,188,80,320,310,10,0,20,30,no team,bul-bulgaria
17,Nikolay Penchev,22/05/1992,197,87,341,335,0,0,0,0,ONIKO,bul-bulgaria
18,Nikolay Nikolov,29/07/1986,206,97,350,332,6,0,30,36,Sporting Lisboa,bul-bulgaria
19,Tsvetan Sokolov,31/12/1989,206,100,370,350,0,0,71,71,Cucine Lube Civitanova,bul-bulgaria
20,Aleks Grozdanov,28/03/1998,206,86,355,334,0,0,15,15,Maaseik Volley,bul-bulgaria
21,Petar Karakashev,11/02/1991,184,74,326,308,0,0,54,54,VC Hebar,bul-bulgaria
22,Vladimir Stankov,09/08/1996,186,80,325,320,0,0,0,0,CSKA,bul-bulgaria
23,Martin Ivanov,04/02/1992,190,78,320,310,0,0,0,0,Neftohimik,bul-bulgaria
25,Radoslav Parapunov,19/06/1997,205,87,346,327,0,0,18,18,Hawai University,bul-bulgaria
26,Plamen Shekerdzhiev,21/05/1998,198,83,345,328,0,0,20,20,CSKA Sofia,bul-bulgaria
30,Nikolay Kolev,16/12/1997,204,86,355,340,0,0,0,0,Cherno more BASK,bul-bulgaria
1,Tyler Sanders,14/12/1991,191,81,326,308,17,6,129,152,MKS Będzin,can-canada
2,John Gordon Perrin c,17/08/1989,201,95,353,329,19,6,164,189,Sada Cruzeiro,can-canada
3,Steven Marshall,23/11/1989,193,87,350,322,8,6,102,116,P.A.O.K. Thessaloniki,can-canada
4,Nicholas Hoag,19/08/1992,200,91,342,322,16,6,123,145,Asseco Resovia Rzeszów,can-canada
5,Deanan Gyimah,16/01/1998,199,75,372,339,0,0,6,6,Team Canada,can-canada
6,Justin Duff,10/05/1988,200,102,370,335,11,6,145,162,Galatasaray,can-canada
7,Stephen Timothy Maar,06/12/1994,201,103,350,328,8,0,71,79,Dynamo Moscow,can-canada
8,Jay Blankenau,27/09/1989,194,94,334,307,8,6,39,53,Arkas Izmir,can-canada
9,Jason Derocco,19/09/1989,198,94,342,318,0,0,103,103,Al Ahly Cairo,can-canada
10,Sharone Vernon-Evans,28/08/1998,202,94,374,347,8,0,48,56,Ravenna,can-canada
11,Daniel Jansen Vandoorn,21/03/1990,207,98,351,328,8,6,92,106,Knack Roeselare,can-canada
12,Lucas Van Berkel,29/11/1991,210,108,350,326,8,0,73,81,Galatasaray,can-canada
14,Eric Loeppky,01/08/1998,197,89,348,325,0,0,17,17,Team Canada,can-canada
15,Jeremy Alexander Davies,01/05/1994,172,72,299,283,0,0,0,0,Team Lakkapä,can-canada
16,Ryan Joseph Sclater,10/02/1994,200,92,347,320,8,0,34,42,Montpellier,can-canada
17,Graham Vigrass,17/06/1989,205,97,354,330,13,6,124,143,JASTRZEBSKI Wegiel,can-canada
19,Blair Cameron Bann,26/02/1988,184,84,314,295,8,6,123,137,SWD-Powervolleys Düren Germany,can-canada
20,Arthur Szwarc,30/03/1995,209,99,356,335,8,0,64,72,Top Volley Latina,can-canada
21,Brett James Walsh,19/02/1994,195,84,332,313,0,0,65,65,Knack Roeselare,can-canada
22,Blake Scheerhoorn,06/01/1995,202,90,359,342,0,0,19,19,SVG Luneburg,can-canada
23,Danny Demyanenko,13/07/1994,194,101,357,325,0,0,19,19,Toulouse,can-canada
24,Adam Schriemer,17/08/1995,200,89,350,328,0,0,0,0,SVG Lüneburg,can-canada
25,Brandon Koppers,09/09/1995,200,90,345,331,0,0,3,3,Tourcoing,can-canada
26,Derek Epp,15/06/1998,196,88,335,315,0,0,6,6,Team Canada,can-canada
27,Casey Adam Schouten,29/03/1994,194,95,341,311,0,0,8,8,Netzhoppers,can-canada
1,Qingyao Dai,26/09/1991,205,100,350,340,3,0,0,3,Shanghai,chn-china
2,Chuan Jiang,09/08/1994,205,91,365,345,0,0,40,40,Beijing,chn-china
3,Tianyi Mao,02/06/1993,200,90,350,340,0,0,20,20,Bayi,chn-china
4,Chengcheng Xiu,23/08/1999,197,70,365,348,0,0,0,0,Bayi,chn-china
5,Binglong Zhang,11/09/1994,197,99,355,345,0,0,20,20,Beijing,chn-china
6,Runming Li,01/03/1990,198,90,355,345,11,0,30,41,Shandong,chn-china
7,Jingyin Zhang,20/12/1999,207,88,357,325,0,0,15,15,Zhejiang,chn-china
8,Jingyi Wang,07/02/1998,202,87,360,350,0,0,10,10,Shandong,chn-china
9,Yaochen Yu,19/08/1995,195,89,347,338,0,0,15,15,Jiangsu,chn-china
10,Daoshuai Ji c,07/02/1992,194,82,355,335,9,0,40,49,Shandong,chn-china
11,Haixiang Du,25/05/1995,194,87,348,336,0,0,20,20,Sichuan,chn-china
12,Zhejia Zhang,31/08/1995,207,95,365,355,0,0,20,20,Shanghai,chn-china
13,Longhai Chen,29/03/1991,200,85,350,340,0,0,35,35,Shanghai,chn-china
15,Chuanhang Tang,04/10/1995,202,92,350,340,0,0,15,15,Bayi,chn-china
16,Jiahua Tong,13/12/1992,180,76,330,320,0,0,30,30,Shanghai,chn-china
17,Libin Liu,16/02/1995,197,90,350,342,0,0,20,20,Beijing,chn-china
18,Shunxiang Guo,03/11/1997,195,91,349,335,0,0,0,0,Sichuan,chn-china
19,Guojun Zhan,16/12/1988,197,85,350,340,0,0,20,20,Shanghai,chn-china
20,Shuhan Rao,23/12/1996,205,99,360,350,0,0,25,25,Fujian,chn-china
21,Ruantong Miao,21/05/1995,205,88,354,345,0,0,20,20,Hubei,chn-china
23,Shikun Peng,26/08/2000,208,90,340,330,0,0,0,0,Sichuan,chn-china
24,Zuyuan Zhang,04/05/1997,207,87,355,350,0,0,10,10,Shandong,chn-china
25,Jiajie Chen,17/09/1995,170,70,325,310,0,0,0,0,Guangdong,chn-china
27,Xiaoteng Ma,19/06/1991,180,75,330,320,0,0,10,10,Bayi,chn-china
28,Dangyi Yuan,30/11/1996,200,91,355,343,0,0,0,0,Bayi,chn-china
1,Jonas Aguenier,28/04/1992,202,92,340,310,13,0,67,80,Monini Spoleto (ITA),fra-france
2,Jenia Grebennikov,13/08/1990,188,85,345,300,21,5,237,263,Trentino Volley (ITA),fra-france
3,Luka Basic,29/01/1995,201,77,330,302,0,0,0,0,Revivre Axipower Milano (ITA),fra-france
4,Jean Patry,27/12/1996,207,94,357,334,8,0,58,66,Montpellier VUC (FRA),fra-france
5,Raphaël Corre,21/11/1989,196,85,335,315,0,0,15,15,AS CANNES (FRA),fra-france
6,Benjamin Toniutti c,30/10/1989,183,72,320,300,30,5,254,289,Zaksa Kędzierzyn-Koźle (POL),fra-france
7,Kevin Tillie,02/11/1990,200,85,345,325,21,5,177,203,MODENA VOLLEY PUNTO (ITA),fra-france
8,Julien Lyneel,15/04/1990,192,88,345,325,8,0,185,193,Jastrzębski Wiegel (POL),fra-france
9,Earvin Ngapeth,12/02/1991,194,96,358,327,30,5,210,245,Zenit Kazan (RUS),fra-france
10,Kevin Le Roux,11/05/1989,209,95,365,345,30,5,199,234,Sada Cruzeiro Volei (BRA),fra-france
11,Antoine Brizard,22/05/1994,196,96,340,310,8,0,69,77,AZS POLITECHNIKA WARSZAWSKA (P,fra-france
12,Stephen Boyer,10/04/1996,196,77,355,334,8,0,69,77,Calzedonia Verona (ITA),fra-france
13,Gildas Prevert,15/06/1996,204,90,350,330,0,0,0,0,RENNES EC (FRA),fra-france
14,Nicolas Le Goff,15/02/1992,206,114,365,345,21,5,178,204,SCC BERLIN (GER),fra-france
16,Daryl Bultor,17/11/1995,197,94,352,327,8,0,52,60,Arago de Sète (FRA),fra-france
17,Trevor Clevenot,28/06/1994,199,89,345,326,0,5,96,101,Revivre Axipower Milano (ITA),fra-france
18,Thibault Rossard,28/08/1993,194,85,350,320,8,5,98,111,Asseco Resovia Rzeszów (POL),fra-france
19,Yacine Louati,04/03/1992,198,92,345,320,0,0,17,17,Kioene Padova (ITA),fra-france
20,Nicolas Rossard,23/05/1990,183,64,315,305,13,0,54,67,SCC BERLIN (GER),fra-france
21,Barthélémy Chinenyeze,28/02/1998,201,81,357,332,8,0,70,78,Tours Volley-Ball (FRA),fra-france
22,Meliuahel Takaniko,29/05/1985,194,92,340,330,0,0,30,30,TOAC TUC (FRA),fra-france
23,Timothée Carle,30/11/1995,195,83,336,314,0,0,9,9,GFCA VOLLEY BALL (FRA),fra-france
25,Kévin Kaba,08/06/1994,203,98,335,315,0,0,0,0,Montpellier VUC (FRA),fra-france
26,Benjamin Diez,04/04/1998,183,80,320,305,0,0,0,0,Montpellier VUC (FRA),fra-france
1,Christian Fromm,15/08/1990,204,99,350,330,6,0,137,143,Jastrzębski Węgiel,ger-germany
2,Tobias Krick,22/10/1998,210,85,350,330,0,0,38,38,United Volleys Frankfurt,ger-germany
3,Ruben Schott,08/07/1994,193,89,326,309,0,0,58,58,Trefl Gdansk,ger-germany
4,Adam Kocian,01/04/1995,192,83,341,315,0,0,2,2,United Volleys Frankfurt,ger-germany
5,Moritz Reichert,15/03/1995,194,85,336,314,0,0,41,41,Berlin Recycling Volleys,ger-germany
6,Denys Kaliberda,24/06/1990,193,95,343,314,19,5,139,163,Azimut Leo Shoes Modena,ger-germany
7,David Sossenheimer,21/06/1996,193,85,325,313,0,0,18,18,VfB Friedrichshafen,ger-germany
8,Marcus Böhme,25/08/1985,212,114,360,330,21,8,241,270,Olympiakos Piräus,ger-germany
10,Julian Zenger,26/08/1997,190,80,330,315,0,0,44,44,United Volleys Frankfurt,ger-germany
11,Lukas Kampa c,29/11/1986,196,90,335,320,13,6,168,187,Jastrzebski Wegiel,ger-germany
12,Anton Brehme,10/08/1999,199,86,329,322,0,0,7,7,VCO Berlin/br volleys,ger-germany
13,Simon Hirsch,03/04/1992,204,96,352,344,0,0,72,72,Revivre Axopower Milano,ger-germany
14,Moritz Karlitzek,12/08/1996,191,91,335,310,0,0,8,8,United Volleys Frankfurt,ger-germany
15,Noah Baxpöhler,13/08/1993,210,85,345,325,0,0,10,10,SVG Lüneburg,ger-germany
16,Tomas Kocian-Falkenbach,27/03/1988,192,79,325,319,0,0,0,0,SWD powervolleys DÜREN,ger-germany
17,Jan Zimmermann,12/02/1993,191,82,340,312,0,0,90,90,Greenyard Maaseik,ger-germany
18,Jakob Günthör,21/09/1995,211,96,339,320,0,0,16,16,VfB Friedrichshafen,ger-germany
19,Daniel Malescha,28/04/1994,203,90,330,315,0,0,26,26,VfB Friedrichshafen,ger-germany
20,Linus Weber,01/11/1999,199,85,336,321,0,0,3,3,Berlin Recycling Volleys,ger-germany
21,Ivan Batanov,25/04/2000,182,78,325,305,0,0,0,0,VCO Berlin,ger-germany
22,Louis Kunstmann,10/09/2000,198,85,339,327,0,0,0,0,VCO Berlin/UV Frankfurt,ger-germany
23,Tim Peter,08/09/1997,193,81,325,310,0,0,0,0,WWK Volleys Herrsching,ger-germany
24,Christoph Marks,16/04/1997,202,84,330,315,0,0,0,0,Sieco Service Ortona,ger-germany
25,Lukas Maase,28/08/1998,208,95,340,320,0,0,0,0,SWD powervolleys Düren,ger-germany
1,Shahram Mahmoudi,20/07/1988,198,95,347,332,0,0,4,4,Khatam Ardakan,iri-iran
2,Milad Ebadipour Ghara H.,17/10/1993,196,78,350,310,3,1,6,10,PGE Skra Belchatow,iri-iran
4,Mir Saeid Marouflakrani c,20/10/1985,189,81,331,311,36,1,145,182,EMMA VILLAS SIENA,iri-iran
5,Farhad Ghaemi,28/08/1989,197,73,355,335,30,1,60,91,ZIRAAT BANK,iri-iran
6,Seyed Mohammad Mousavi Eraghi,22/08/1987,203,86,362,344,2,1,5,8,Olsztyn,iri-iran
7,Purya Fayazi D.,12/01/1993,195,92,335,325,0,0,21,21,Bedzin S.A.,iri-iran
8,Mohammadreza Hazratpourtalatappeh,31/03/1999,187,87,300,290,0,0,2,2,SHAHRDARI URMIA,iri-iran
9,Masoud Gholami,02/04/1990,204,93,349,331,0,0,0,0,SHAHRDARI VARAMIN,iri-iran
10,Amir Ghafour,06/06/1991,202,90,354,334,11,1,30,42,MONZA,iri-iran
11,Saber Kazemi,24/12/1998,205,87,340,325,0,0,0,0,ZIRAAT BANK,iri-iran
14,Mohammadjavad Manavinezhad,27/11/1995,198,94,340,320,0,0,70,70,VERONA,iri-iran
15,Aliasghar Mojarad,30/10/1997,205,90,330,310,1,0,4,5,SHAHRDARI VARAMIN,iri-iran
16,Ali Shafiei,21/09/1991,198,80,348,345,0,0,0,0,SHAHRDARI URMIA,iri-iran
17,Meisam Salehi,17/11/1998,198,89,345,330,0,0,1,1,KALLEH,iri-iran
18,Salim Cheperli,19/12/1996,201,80,340,330,0,0,0,0,Paykan,iri-iran
19,Mohammadreza Moazzen,20/09/1991,175,75,292,281,0,0,0,0,PAYKAN,iri-iran
20,Porya Yali,21/01/1999,209,81,335,320,0,0,1,1,PAYKAN,iri-iran
21,Morteza Sharifi,27/05/1999,193,83,340,320,0,0,2,2,BURSA,iri-iran
22,Amirhossein Esfandiar,24/01/1999,209,110,330,310,1,0,4,5,Paykan,iri-iran
23,Ali Ramezani,05/05/1998,200,103,330,310,1,0,4,5,kalleh Mazandaran,iri-iran
24,Javad Karimisouchelmaei,01/03/1998,204,104,330,310,1,0,4,5,PAYKAN,iri-iran
25,Amir Hossein Toukhteh,09/04/2001,203,79,360,330,0,0,2,2,Saipa,iri-iran
26,Amin Razavi,15/09/1990,193,85,294,285,0,0,3,3,SHAHRDARI VARAMIN,iri-iran
28,Mehran Feyzemamdoust,23/11/2001,205,77,350,325,0,0,0,0,Kaleh,iri-iran
29,Reza Abedini,19/05/1991,203,93,354,348,0,0,0,0,PAYKAN,iri-iran
1,Davide Candellaro,07/06/1989,200,88,340,320,10,0,20,30,Trentino Volley,ita-italy
2,Riccardo Sbertoli,23/05/1998,188,85,326,246,0,0,3,3,Power Volley,ita-italy
3,Luca Spirito,30/10/1993,196,79,338,262,0,0,11,11,BluVolley Verona ssd Srl,ita-italy
4,Davide Gardini,11/02/1999,205,94,330,310,0,0,0,0,volley lube,ita-italy
5,Fabrizio Gironi,18/03/2000,200,81,330,310,0,0,0,0,power volley,ita-italy
6,Simone Giannelli c,09/08/1996,198,92,350,330,10,8,68,86,Trentino Volley,ita-italy
7,Giacomo Raffaelli,07/02/1995,198,95,338,330,0,0,12,12,Porto Robur Costa,ita-italy
8,Daniele Mazzone,04/06/1992,208,88,315,309,10,0,14,24,Modena Volley,ita-italy
11,Fabio Balaso,20/10/1995,178,73,305,280,0,0,14,14,Cucine Lube Civitanova,ita-italy
12,Fabio Ricci,11/07/1994,204,96,348,272,0,0,14,14,Sir Safety Perugia scsd,ita-italy
13,Federico Bonami,29/09/1993,183,70,313,234,0,0,0,0,Argos Volley,ita-italy
14,Matteo Piano,24/10/1990,208,102,352,325,11,8,91,110,Power Volley,ita-italy
15,Roberto Russo,23/02/1997,207,91,340,320,0,0,15,15,Sir Safety Perugia,ita-italy
16,Oleg Antonov,28/07/1988,198,88,340,310,0,8,63,71,Galatasaray,ita-italy
17,Simone Anzani,24/02/1992,204,100,350,330,10,0,64,74,Lube Civitanova,ita-italy
18,Nicola Pesaresi,11/02/1991,190,80,315,309,0,0,29,29,Power Volley,ita-italy
19,Daniele Lavia,04/11/1999,200,89,345,316,0,0,11,11,Porto Robur costa,ita-italy
20,Gabriele Nelli,04/12/1993,210,100,355,320,10,0,31,41,Neww Energy Piacenza,ita-italy
21,Alberto Polo,07/09/1995,203,87,348,318,0,0,12,12,Pallavolo Padova,ita-italy
22,Oreste Cavuto,05/12/1996,196,87,353,344,0,0,15,15,Robur Ravenna,ita-italy
23,Andrea Argenta,01/06/1996,205,95,350,310,0,0,0,0,Porto Robur Costa,ita-italy
24,Giulio Pinali,02/04/1997,199,91,349,338,0,0,15,15,Modena volley,ita-italy
25,Diego Cantagalli,13/02/1999,201,89,348,310,0,0,0,0,Cucine Lube Civitanova,ita-italy
27,Marco Pierotti,19/06/1996,195,86,357,350,0,0,0,0,Modena Volley,ita-italy
28,Francesco Recine,07/02/1999,186,75,325,300,0,0,3,3,Porto Robur Costa,ita-italy
1,Issei Otake,03/12/1995,201,98,345,327,0,0,0,0,Panasonic Panthers,jpn-japan
2,Hideomi Fukatsu,01/06/1990,180,70,325,305,0,0,52,52,Panasonic Panthers,jpn-japan
3,Naonobu Fujii,05/01/1992,183,78,312,297,0,0,0,0,Toray Arrows,jpn-japan
4,Akihiro Fukatsu,23/07/1987,183,78,325,305,0,0,0,0,JT Thunders,jpn-japan
5,Tatsuya Fukuzawa,01/07/1986,189,88,355,330,5,5,110,120,Panasonic Panthers,jpn-japan
6,Akihiro Yamauchi,30/11/1993,204,80,353,335,0,0,52,52,Panasonic Panthers,jpn-japan
7,Takashi Dekita,13/08/1991,200,94,346,331,0,0,60,60,Sakai Blazers,jpn-japan
8,Masahiro Yanagida c,06/07/1992,186,79,328,301,0,0,40,40,United Volleys,jpn-japan
9,Satoshi Tsuiki,16/01/1992,174,74,303,290,0,0,23,23,Toray Arrows,jpn-japan
10,Taichiro Koga,04/10/1989,170,70,292,277,0,0,12,12,Wolfdogs Nagoya,jpn-japan
11,Yuji Nishida,30/01/2000,186,80,346,330,0,0,0,0,JTEKT Stings,jpn-japan
12,Masahiro Sekita,20/11/1993,175,72,311,295,0,0,0,0,Sakai Blazers,jpn-japan
13,Naoya Takano,30/04/1993,190,78,338,316,0,0,0,0,Sakai Blazers,jpn-japan
14,Yuki Ishikawa,11/12/1995,191,84,351,327,0,0,40,40,Kioene Padova,jpn-japan
15,Haku Ri,27/12/1990,193,82,344,330,0,0,23,23,Toray Arrows,jpn-japan
16,Kentaro Takahashi,08/02/1995,201,103,351,338,0,0,15,15,Toray Arrows,jpn-japan
17,Tsubasa Hisahara,18/03/1995,188,80,339,320,0,0,0,0,Panasonic Panthers,jpn-japan
18,Masashi Kuriyama,14/07/1988,190,85,350,335,0,0,12,12,Suntory Sunbirds,jpn-japan
19,Hiroaki Asano,06/10/1990,178,67,326,313,0,0,33,33,JTEKT Stings,jpn-japan
20,Taishi Onodera,27/02/1996,201,98,346,323,0,0,3,3,JT Thunders,jpn-japan
21,Kunihiro Shimizu,11/08/1986,193,97,330,320,5,5,136,146,Panasonic Panthers,jpn-japan
22,Tomohiro Yamamoto,05/11/1994,171,69,301,299,0,0,0,0,Sakai Blazers,jpn-japan
23,Yuki Higuchi,27/04/1996,191,79,345,320,0,0,0,0,Sakai Blazers,jpn-japan
24,Jin Tsuzuki,28/12/1998,194,85,345,320,0,0,0,0,Chuo University,jpn-japan
1,Piotr Nowakowski,18/12/1987,205,90,355,340,31,12,163,206,Trefl Gdańsk,pol-poland
2,Maciej Muzaj,21/05/1994,208,86,360,320,12,0,12,24,ONICO Warszawa,pol-poland
3,Dawid Konarski,31/08/1989,198,93,353,320,12,6,64,82,KS Jastrzębski Węgiel,pol-poland
4,Marcin Komenda,24/05/1996,198,90,335,315,0,0,3,3,GKS Katowice,pol-poland
5,Lukasz Kaczmarek,29/06/1994,204,99,345,332,0,0,26,26,ZAKSA Kędzierzyn Koźle,pol-poland
7,Artur Szalpuk,20/03/1995,201,93,350,335,12,0,45,57,PGE Skra Belchatow,pol-poland
8,Jedrzej Gruszczynski,13/11/1997,186,78,328,306,0,0,0,0,Cuprum Lubin,pol-poland
10,Damian Wojtaszek,07/09/1988,180,76,330,301,12,0,33,45,ONICO Warszawa,pol-poland
11,Fabian Drzyzga,03/01/1990,196,90,325,304,33,6,93,132,VC Lokomotiv Novosibirsk,pol-poland
12,Grzegorz Lomacz,01/10/1987,187,80,335,315,6,6,88,100,PGE Skra Belchatow,pol-poland
13,Michal Kubiak,23/02/1988,191,80,328,312,25,12,141,178,Panasonic Panthers,pol-poland
14,Aleksander Sliwka,24/05/1995,196,88,340,315,0,0,24,24,ZAKSA Kędzierzyn Koźle,pol-poland
15,Jakub Kochanowski,17/07/1997,199,89,353,323,0,0,16,16,PGE Skra Belchatow,pol-poland
16,Bartlomiej Boladz,28/09/1994,203,97,360,335,0,0,0,0,VfB Friedrichshafen,pol-poland
17,Pawel Zatorski,21/06/1990,184,73,328,304,21,6,77,104,ZAKSA Kędzierzyn Koźle,pol-poland
18,Bartosz Kwolek,17/07/1997,192,91,343,310,0,0,12,12,ONICO Warszawa,pol-poland
19,Marcin Janusz,31/07/1994,195,85,330,316,0,0,0,0,Trefl Gdańsk,pol-poland
20,Mateusz Bieniek,05/04/1994,210,106,365,330,0,6,45,51,ZAKSA Kędzierzyn Koźle,pol-poland
21,Tomasz Fornal,31/08/1997,198,92,340,315,0,0,0,0,Cerrad Czarni Radom,pol-poland
22,Bartosz Bednorz,25/07/1994,201,84,350,315,0,6,24,30,Modena Volley,pol-poland
23,Jakub Popiwczak,17/04/1996,180,77,315,300,0,0,0,0,KS Jastrzębski Węgiel,pol-poland
27,Piotr Łukasik,11/07/1994,208,112,350,330,0,0,0,0,ONICO Warszawa,pol-poland
28,Bartosz Filipiak,27/02/1994,197,93,357,341,0,0,0,0,Luczniczka Bydgoszcz,pol-poland
77,Karol Klos c,08/08/1989,201,87,357,326,13,6,53,72,PGE Skra Belchatow,pol-poland
88,Andrzej Wrona,27/12/1988,205,95,350,265,0,0,27,27,ONICO Warszawa,pol-poland
99,Norbert Huber,14/08/1998,204,80,351,316,0,0,0,0,Cerrad Czarni Radom,pol-poland
1,Valdir Sequeira,22/11/1981,196,86,351,344,0,0,276,276,Videx Grottazzolina,por-portugal
2,Andre Marques,10/04/2000,189,71,330,317,0,0,27,27,Famalicense AC,por-portugal
3,Nuno Teixeira,24/09/1998,214,89,350,340,0,0,4,4,VC Viana,por-portugal
4,Filip Cveticanin,19/06/1996,199,90,320,310,0,0,82,82,SL Benfica,por-portugal
5,Gil Pereira,21/02/1995,176,70,300,285,0,0,7,7,Esmoriz GC,por-portugal
6,Alexandre Ferreira c,13/11/1991,202,87,361,346,0,0,185,185,Aluron Warta Zawiercie,por-portugal
7,Marco Evan Baptista Ferreira,04/10/1987,202,94,359,337,0,0,185,185,SC Espinho,por-portugal
8,Tiago Da Silva Violas,27/03/1989,193,82,326,303,0,0,185,185,SL Benfica,por-portugal
9,Joao Simoes,11/06/1986,194,85,325,315,0,0,60,60,Sporting CP,por-portugal
10,Phelipe Martins,02/03/1991,202,91,307,289,0,0,78,78,SC Espinho,por-portugal
11,Bruno Cunha,18/08/1997,194,90,320,308,0,0,36,36,VC Viana,por-portugal
12,Lourenco Martins,30/04/1997,195,78,308,298,0,0,75,75,SC Espinho,por-portugal
13,Caique Oswaldo Ferreira Da Silva,09/08/1985,191,94,335,330,0,0,18,18,AJ Fonte Bastardo,por-portugal
14,Guilherme Menezes,20/12/2000,196,93,325,315,0,0,20,20,SC Espinho,por-portugal
15,Miguel Tavares Rodrigues,02/03/1993,192,68,315,293,0,0,135,135,Rennes Volley 35,por-portugal
16,Hugo Gaspar,02/09/1982,200,83,354,343,12,0,183,195,SL Benfica,por-portugal
17,Joao Fidalgo,02/11/1986,172,67,307,285,0,0,55,55,Sporting CP,por-portugal
18,Frederico Santos,16/09/1997,187,63,314,296,0,0,34,34,Purdue University Fort Wayne,por-portugal
19,Jose Gomes,21/10/1994,198,90,327,307,0,0,74,74,Dinamo de Bucareste,por-portugal
20,Jose Pedro Monteiro,21/10/1991,185,73,301,290,0,0,42,42,Sporting CP,por-portugal
21,Afonso Reis,09/08/1999,183,78,310,290,0,0,28,28,AA S Mamede,por-portugal
22,Januario Silva,05/07/1984,194,88,295,290,0,0,24,24,SC Espinho,por-portugal
23,Miguel Sinfronio,18/03/1999,194,88,312,305,0,0,27,27,SL Benfica,por-portugal
1,Pavel Pankov,14/08/1995,198,90,345,330,4,0,6,10,Zenit,rus-russia
2,Ilia Vlasov,03/08/1995,212,98,360,345,10,0,55,65,Dinamo,rus-russia
3,Dmitry Kovalev,15/03/1991,198,82,340,330,0,0,67,67,Ural,rus-russia
4,Denis Zemchenok,11/08/1987,203,93,350,333,0,0,24,24,Belogorie,rus-russia
6,Anton Karpukhov,23/04/1988,197,88,337,325,0,0,19,19,Kuzbass,rus-russia
7,Dmitry Volkov,25/05/1995,201,88,340,330,10,8,57,75,Fakel,rus-russia
8,Anton Semyshev,22/08/1997,201,90,350,340,0,0,11,11,Belogorie,rus-russia
9,Ivan Iakovlev,17/04/1995,207,89,360,350,0,0,19,19,Fakel,rus-russia
10,Fedor Voronkov,10/12/1995,207,85,350,340,0,0,13,13,Nova,rus-russia
11,Igor Philippov,19/03/1991,205,107,340,326,0,0,35,35,Ural,rus-russia
12,Aleksei Safonov,06/09/1989,205,102,341,328,0,0,0,0,Zenit,rus-russia
14,Yaroslav Podlesnykh,03/09/1994,198,89,341,330,0,0,15,15,Kuzbass,rus-russia
15,Victor Poletaev,27/07/1995,197,86,360,340,10,0,45,55,Kuzbass,rus-russia
17,Maxim Mikhaylov,19/03/1988,202,103,345,330,19,24,142,185,Zenit Kazan,rus-russia
18,Egor Kliuka,15/06/1995,209,93,360,350,10,8,71,89,Fakel,rus-russia
20,Ilyas Kurkaev,18/01/1994,207,95,355,335,10,0,31,41,Lokomotiv,rus-russia
21,Evgeny Baranov,30/06/1995,180,70,300,290,0,0,0,0,Dinamo,rus-russia
22,Roman Martynyuk,13/04/1987,182,75,320,310,0,0,35,35,Lokomotiv,rus-russia
23,Roman Poroshin,28/08/1995,196,90,332,321,0,0,0,0,Belogorie,rus-russia
24,Igor Kobzar c,13/04/1991,198,86,337,315,0,8,43,51,Kuzbass,rus-russia
25,Inal Tavasiev,28/03/1989,202,98,343,332,0,0,0,0,Kuzbass,rus-russia
27,Valentin Golubev,03/05/1992,190,70,310,305,8,0,30,38,Belogorie,rus-russia
28,Kirill Klets,15/03/1998,202,92,340,330,0,0,2,2,Hypo Tirol,rus-russia
29,Kirill Ursov,13/02/1995,194,86,335,325,0,0,8,8,Gazprom-Yugra,rus-russia
30,Alexey Samoylenko,23/06/1985,207,98,360,330,0,0,0,0,Zenit Kazan,rus-russia
1,Aleksandar Okolic,26/06/1993,205,90,347,320,13,0,83,96,PAOK Thessaloniki (GRE),srb-serbia
2,Uros Kovacevic,06/05/1993,197,90,340,320,22,5,148,175,Trentino Volley (ITA),srb-serbia
3,Milan Katic,22/10/1993,202,99,345,331,13,0,67,80,PGE Skra Belchatow (POL),srb-serbia
4,Nemanja Petric c,28/07/1987,203,96,350,320,22,0,63,85,Belogorie Belgorod (RUS),srb-serbia
5,Lazar Cirovic,26/02/1992,200,88,343,323,0,0,21,21,SSCD Pallavolo Padova (ITA),srb-serbia
6,Nikola Pekovic,06/03/1990,176,77,305,300,0,0,15,15,Partizan Beograd (SRB),srb-serbia
7,Petar Krsmanovic,01/06/1990,205,98,354,330,13,0,34,47,Gazprom-Ugra Surgut (RUS),srb-serbia
8,Marko Ivovic,22/12/1990,194,89,365,330,22,0,95,117,Lokomotiva Novosibirsk (RUS),srb-serbia
9,Nikola Jovovic,13/02/1992,197,75,335,315,22,0,162,184,ZIRIATBANK Ankara (TUR),srb-serbia
10,Miran Kujundžić,19/06/1997,196,86,348,334,0,0,6,6,Vojvodina NS Seme (SRB),srb-serbia
11,Aleksa Batak,18/01/2000,195,74,325,308,0,0,3,3,Mladi Radnik Pozarevac (SRB),srb-serbia
12,Dusan Petkovic,27/01/1992,202,86,328,310,0,0,36,36,SSD Argos Volley s.r.l. (ITA),srb-serbia
13,Stevan Simic,21/03/1996,201,85,330,315,0,0,20,20,Vojvodina NS Seme (SRB),srb-serbia
14,Aleksandar Atanasijevic,04/09/1991,200,92,350,329,22,5,137,164,Sir Safety Perugia (ITA),srb-serbia
15,Nemanja Masulovic,05/10/1995,205,92,360,330,0,0,3,3,Vojvodina NS Seme (SRB),srb-serbia
16,Drazen Luburic,02/11/1993,202,90,337,331,13,0,64,77,HALKBANK Ankara (TUR),srb-serbia
17,Neven Majstorovic,17/03/1989,193,90,335,325,13,0,89,102,C.S.M.U. CRAIOVA (ROU),srb-serbia
19,Stefan Negic,17/01/2000,180,75,305,290,0,0,6,6,Vojvodina NS Seme (SRB),srb-serbia
20,Srecko Lisinac,17/05/1992,205,90,355,342,22,0,128,150,Trentino Volley (ITA),srb-serbia
21,Vuk Todorovic,23/04/1998,190,74,315,305,0,0,12,12,Vojvodina NS Seme (SRB),srb-serbia
22,Andrija Vilimanovic,14/11/1995,195,89,330,320,0,0,6,6,ACH Ljubljana (SLO),srb-serbia
23,Bozidar Vucicevic,09/12/1998,205,96,355,335,0,0,15,15,Vojvodina NS Seme (SRB),srb-serbia
24,David Mehic,24/09/1997,196,83,345,330,0,0,6,6,Vojvodina NS Seme (SRB),srb-serbia
27,Stefan Kovacevic,22/02/1995,205,88,335,339,0,0,0,0,Vojvodina NS Seme (SRB),srb-serbia
28,Danilo Pavlovic,23/04/1997,196,85,350,337,0,0,0,0,Crvena Zvezda Beograd (SRB),srb-serbia
1,Matthew Anderson,18/04/1987,202,100,360,332,28,14,208,250,Zenit Kazan,usa-usa
2,Aaron Russell,04/06/1993,205,98,356,337,23,8,80,111,Trentino Volley,usa-usa
3,Taylor Sander c,17/03/1992,196,80,345,320,21,8,102,131,Associacao Social Esportiva,usa-usa
4,Jeffrey Jendryk Ii,15/09/1995,208,89,353,345,12,0,60,72,SCC Berlin,usa-usa
5,Kyle Ensing,06/03/1997,201,100,366,353,0,0,18,18,Long Beach State University,usa-usa
6,Mitchell Stahl,31/08/1994,203,84,350,325,0,0,19,19,Tours Volley-Ball,usa-usa
7,Kawika Shoji,11/11/1987,190,79,331,315,21,8,161,190,Asseco Resovia Rzeszów,usa-usa
8,Torey Defalco,10/04/1997,198,95,340,328,0,0,45,45,Long Beach State Univ.,usa-usa
9,Jake Langlois,14/05/1992,208,93,365,355,12,0,48,60,Miejski Klub Sportowy Bedzin,usa-usa
10,Daniel Mcdonnell,15/09/1988,200,90,355,345,12,0,58,70,Saems Tourcoing VB,usa-usa
11,Micah Christenson,08/05/1993,198,88,349,340,21,8,130,159,Modena Volley Punto Zero,usa-usa
12,Maxwell Holt,12/03/1987,205,90,351,333,30,8,153,191,Modena Volley Punto Zero,usa-usa
13,Benjamin Patch,21/06/1994,203,90,368,348,12,0,40,52,SCC Berlin,usa-usa
14,Micah Ma'a,16/04/1997,192,88,333,318,0,0,5,5,UCLA,usa-usa
16,Joshua Tuaniga,18/03/1997,191,102,320,307,0,0,15,15,Long Beach State Univ.,usa-usa
17,Thomas Jaeschke,04/09/1993,198,84,348,330,0,8,65,73,Bluvolley Verona,usa-usa
18,Garrett Muagututia,26/02/1988,205,92,359,345,9,0,62,71,PAOK Thessaloniki,usa-usa
19,Taylor Averill,05/03/1992,201,94,370,330,12,0,43,55,Chaumont Volley-Ball 52,usa-usa
20,David Smith,15/05/1985,201,86,348,314,27,14,163,204,Asseco Resovia Rzeszów,usa-usa
21,Dustin Watten,27/10/1986,182,80,306,295,12,0,94,106,SCC Berlin,usa-usa
22,Erik Shoji,24/08/1989,184,83,330,321,21,8,165,194,Fakel Novy Urengoy,usa-usa
23,Larry Tuileta Jr.,24/09/1995,184,95,335,318,0,0,9,9,University of Hawaii,usa-usa
24,Kyle Dagostino,18/05/1995,175,75,312,307,0,0,10,10,Stanford University,usa-usa
25,Kyle Russell,25/08/1993,206,95,358,343,0,0,11,11,SCC Berlin,usa-usa
29,Price Jarman,21/11/1992,204,100,350,331,0,0,16,16,Associacao Itapetininga de Vol,usa-usa
30,George Huhmann,17/10/1997,212,93,358,345,0,0,15,15,Princeton University,usa-usa
